<?xml version="1.0" encoding="UTF-8"?>
<project-private xmlns="http://www.netbeans.org/ns/project-private/1">
    <editor-bookmarks xmlns="http://www.netbeans.org/ns/editor-bookmarks/2" lastBookmarkId="0"/>
    <open-files xmlns="http://www.netbeans.org/ns/projectui-open-files/2">
        <group>
            <file>file:/home/hugomaldonado/Documents/MEGA/UGR/2016-2017/1º%20Cuatrimestre/DBA/Prácticas/GitHub/DBA/Práctica2/P2/src/agents/AgentWorld.java</file>
            <file>file:/home/hugomaldonado/Documents/MEGA/UGR/2016-2017/1º%20Cuatrimestre/DBA/Prácticas/GitHub/DBA/Práctica2/P2/src/agents/AgentBattery.java</file>
            <file>file:/home/hugomaldonado/Documents/MEGA/UGR/2016-2017/1º%20Cuatrimestre/DBA/Prácticas/GitHub/DBA/Práctica2/P2/src/agents/AgentScanner.java</file>
            <file>file:/home/hugomaldonado/Documents/MEGA/UGR/2016-2017/1º%20Cuatrimestre/DBA/Prácticas/GitHub/DBA/Práctica2/P2/src/practica2/Practica2.java</file>
            <file>file:/home/hugomaldonado/Documents/MEGA/UGR/2016-2017/1º%20Cuatrimestre/DBA/Prácticas/GitHub/DBA/Práctica2/P2/src/agents/Agent.java</file>
            <file>file:/home/hugomaldonado/Documents/MEGA/UGR/2016-2017/1º%20Cuatrimestre/DBA/Prácticas/GitHub/DBA/Práctica2/P2/src/agents/AgentMovement.java</file>
            <file>file:/home/hugomaldonado/Documents/MEGA/UGR/2016-2017/1º%20Cuatrimestre/DBA/Prácticas/GitHub/DBA/Práctica2/P2/src/agents/AgentGPS.java</file>
            <file>file:/home/hugomaldonado/Documents/MEGA/UGR/2016-2017/1º%20Cuatrimestre/DBA/Prácticas/GitHub/DBA/Práctica2/P2/src/agents/AgentCar.java</file>
            <file>file:/home/hugomaldonado/Documents/MEGA/UGR/2016-2017/1º%20Cuatrimestre/DBA/Prácticas/GitHub/DBA/Práctica2/P2/src/agents/AgentRadar.java</file>
        </group>
    </open-files>
</project-private>
